date,city,country,venue,details
06-12-2016,"Toronto, ON",Canada,Woodbine Park,Bestival Music Festival - with the Cure - shoplift
06-11-2016,"Chicago, IL",USA,UIC Pavilion,with the Cure - rabbit
06-10-2016,"Chicago, IL",USA,UIC Pavilion,with the Cure
06-09-2016,"Chicago, IL",USA,Lincoln Hall,prossy
06-08-2016,"Kansas City, KS",USA,Starlight Amphitheatre,with the Cure
06-07-2016,"St Paul, MN",USA,Xcel Energy Center,with the Cure
06-05-2016,"Denver, CO",USA,Fiddler's Green Amphitheater,with the Cure
06-03-2016,"Salt Lake City, UT",USA,Maverik Center,with the Cure
06-02-2016,"Boise, ID",USA,CenturyLink Arena,with the Cure
05-31-2016,"Vancouver, BC",Canada,Festival Lawn at Deer Lake Park,with the Cure
05-30-2016,"Portland, OR",USA,Doug Fir Lounge,don't move - shoplift - prossy - rabbit
05-29-2016,"George, WA",USA,the Gorge,with the Cure
05-28-2016,"Portland, OR",USA,Sunlight Supply Amphitheater,with the Cure
05-26-2016,"Mountain View, CA",USA,Shoreline Amphitheater,with the Cure - sheepdug - january - shoplift - rabbit
05-25-2016,"Los Angeles, CA",USA,Teragram Ballroom,downstairs - january - alphabet - drown - mooth - nil - car
05-24-2016,"Los Angeles, CA",USA,Hollywood Bowl,with the Cure - hit single - shoplift - badlands
05-23-2016,"Los Angeles, CA",USA,Hollywood Bowl,with the Cure - badlands
05-22-2016,"Los Angeles, CA",USA,Hollywood Bowl,with the Cure - sheepdug - badlands
05-20-2016,"Chula Vista, CA",USA,Sleep Train Amphitheater,with the Cure - badlands - sheepdug & january
05-19-2016,"Las Vegas, NV",USA,Chelsea Theater at the Cosmopolitan,with the Cure - sheepdug - january - badlands
05-17-2016,"El Paso, TX",USA,Don Haskins Center,with the Cure - photos
05-15-2016,"Dallas, TX",USA,American Airlines Center,with the Cure
05-14-2016,"Houston, TX",USA,Toyota Center,with the Cure - badlands - january - proper f
05-13-2016,"Austin, TX",USA,Frank Erwin Center,with the Cure - photos
05-11-2016,"New Orleans, LA",USA,UNO Lakefront Arena,with the Cure - video: entire set
05-10-2016,"New Orleans, LA",USA,UNO Lakefront Arena,with the Cure
04-02-2016,Glasgow,Scotland,SSE Hydro,with Chvrches - video: january - shoplift
12-12-2015,Glasgow,Scotland,Barrowlands,with Man of Moon - video: badlands (incomplete) - dead city - hit single (incomplete) - alphabet - sheepdug (incomplete) - car - shoplift - photos
12-10-2015,Manchester,England,Gorilla,with Man of Moon - video: sheepdug - review + photo
12-09-2015,Birmingham,England,O2 Academy,with Man of Moon - review + photos
11-17-2015,Madrid,Spain,La Riviera,with Editors - video: badlands - january - prossy - photos
11-16-2015,Barcelona,Spain,Sala Razzmatazz,with Editors - video: nil
11-13-2015,Strasbourg,France,La Laiterie,with Editors - video: badlands - photos
11-12-2015,Munich,Germany,Tonhalle Munich,with Editors - video: sheepdug
11-10-2015,Offenbach Am Main,Germany,Stadthalle Offenbach,with Editors - video: prossy
11-09-2015,Berlin,Germany,Columbiahalle,with Editors
11-08-2015,Hamburg,Germany,Mehr! Theatre Am Grossmark,with Editors - photos
11-07-2015,Hamburg,Germany,Molotow Bar,with Editors
11-05-2015,Rotterdam,Netherlands,Rotown,
11-04-2015,Amsterdam,Netherlands,Heineken Music Hall,with Editors
11-02-2015,Cologne,Germany,Palladium Köln,with Editors - photos + setlist
11-01-2015,Luxembourg,Luxembourg,Den Atelier,with Editors - video: january - prossy - sheepdug - rabbit
10-31-2015,Brussels,Belgium,Palais 12,with Editors - video: nil
10-29-2015,Lille,France,Le Splendid,with Editors - video: badlands - prossy - sheepdug
10-28-2015,Paris,France,Le Trianon,with Editors - video: shoplift - rabbit - photos
10-26-2015,London,England,Rough Trade Records,"In-store, Andy + James only - video: hit single - drown - prossy - shoplift - proper f - emily - car"
10-22-2015,Manchester,England,Club Academy,with Editors
10-21-2015,Cambridge,England,Cambridge Junction,with Editors *never forget
10-20-2015,Newcastle,England,O2 Newcastle,with Editors - photos - more photos
10-18-2015,Glasgow,Scotland,O2 Glasgow,with Editors - video: january - review + photo - photos - more photos
10-17-2015,Leeds,England,O2 Leeds,with Editors
10-16-2015,Birmingham,England,O2 Birmingham,with Editors
10-15-2015,Portsmouth,England,Portsmouth Pyramids,with Editors
10-13-2015,London,England,Hammersmith Apollo,with Editors - video: badlands - january - shoplift
10-12-2015,Bristol,England,Colston Hall,with Editors - review + setlist
08-29-2015,Dumfries & Galloway,Scotland,Drumlanrig Castle,Electric Fields Festival - Stripped back set at Skinny Magazine tent
08-10-2015,Edinburgh,Scotland,Pink Tent,Edinburgh Festival - with Turtle and Martha Ffion - mooth - prossy
07-18-2015,Suffolk,England,Henham Park,Latitude Festival
07-18-2015,Suffolk,England,Henham Park,Latitude Festival - Gigwise Session - video: pengweng
07-11-2015,Cheltenham,England,Upcote Farm,2000 Trees Festival - photos - more photos
07-10-2015,Balado,Scotland,King Tut's Wah Wah Hut Tent,T in the Park Festival - video: badlands
07-04-2015,Glasgow,Scotland,King Tut's,Acoustic session for T in the Park - video: january
07-03-2015,Glasgow,Scotland,Rage Music Studios,Rage Music Studio Session - video: car + sheepdug + january + interviews - photos
06-11-2015,Bergen,Norway,Magic Mirrors,Bergenfest
06-05-2015,Athens,Greece,Hellenic Cosmos Cultural Centre,Plisskën Festival - video: badlands - photos
05-03-2015,Belfast,Ireland,Voodoo,with Johnny Black - review + photos
05-02-2015,Dublin,Ireland,Whelans,review + photos - review + photo + setlist
05-01-2015,Limerick,Ireland,Dolans Pub,with Slow Riot
04-30-2015,Galway,Ireland,Roisin Dubh,
04-28-2015,Liverpool,England,The Kazimier,with Man of Moon - review + photos
04-27-2015,Cardiff,England,The Globe,with Man of Moon
04-25-2015,Newcastle,England,The Cluny,with Man of Moon - badlands - january - hit single - prossy - drown - mooth - hoose - nowheres - shoplift - photos + setlist - review + photos - review #2 + photos - self review of gig by James
04-24-2015,Wakefield,England,The Hop,with Man of Moon and Big Love
04-23-2015,York,England,Fibbers,with Man of Moon and Kasiuss
04-22-2015,Leicester,England,The Cookie Jar,with Man of Moon - review
04-21-2015,Bristol,England,The Fleece,with Man of Moon - video: sheepdug - photos
04-20-2015,London,England,Scala,with Man of Moon - video: hit single - in nowheres - sheepdug - review - review + photo
04-18-2015,Arlon,Belgium,L'Entrepot,video: january - drown - shoplift - proper f - sheepdug - photos
04-17-2015,Paris,France,Le Pop Up Du Label,video: january - drown - hit single - shoplift + nil - proper f - photos - review + photos
04-16-2015,Bordeaux,France,I.Boat,with Only Real - video: badlands
04-14-2015,Madrid,Spain,Moby Dick Club,video: rabbit
04-13-2015,Barcelona,Spain,Becool,video: wrong car
04-11-2015,Le Locle,Switzerland,Le Lux,with Killbody tuning - photos
04-10-2015,Zürich,Switzerland,Kinski Klub,review + photo
04-09-2015,Luzen,Switzerland,Konzerthaus Schüür,video: shoplift - photos
04-08-2015,Milan,Italy,Biko,
04-07-2015,Bologna,Italy,Locomotiv Club,with Naughty Betsy - review + photos
04-05-2015,Vienna,Austria,B72,video: badlands - january - drown
04-04-2015,Berlin,Germany,Privatclub,
04-03-2015,Copenhagen,Denmark,Loppen,video: prossy - rabbit
04-01-2015,Stockholm,Sweden,Lilla hotellbaren,video: last january - prossy - pengweng - nil - rabbit - review + photo
03-29-2015,Aarhus,Denmark,VoxHall,
03-28-2015,Hamburg,Germany,Kleiner Donner,
03-27-2015,Cologne,Germany,Gebäude 9,review + photos
03-26-2015,Utrecht,Netherlands,Ekko,with Gifter - review + photos
03-25-2015,Amsterdam,Netherlands,Paradiso,review + photos
03-20-2015,"Austin, TX",USA,Red 7,"SXSW 2015, Flower Booking Official Showcase"
03-20-2015,"Austin, TX",USA,Home Slice Pizza,"SXSW 2015, Home Slice Party"
03-19-2015,"Austin, TX",USA,Emo's,"SXSW 2015, Free Showcase - video: full performance - photos - more photos"
03-19-2015,"Austin, TX",USA,Latitude 30,"SXSW 2015, British Music Embassy Party"
03-19-2015,"Austin, TX",USA,Cheer Up Charlie's,"SXSW 2015, Flower Booking & AV Club Party - video: last january - prossy - article + photos"
03-15-2015,"Austin, TX",USA,Fair Market,SXSW 2015
03-14-2015,"Phoenix, AZ",USA,VivaPHX,with/Port St. Willow - video: shoplift (acoustic)
03-13-2015,"San Diego, CA",USA,The Merrow,with/Port St. Willow - video: wrong car (incomplete) - rabbit - photos + audio
03-12-2015,"Costa Mesa, CA",USA,The Wayfarer,with/Port St. Willow - video: last january - shoplift - proper f - photos
03-11-2015,"San Francisco, CA",USA,Bottom of the Hill,"with/Port St. Willow and Slowness - video: badlands - last january - drown - prossy
 mooth - nowheres - alphabet - nil - sheepdug - wrong car - rabbit"
03-10-2015,"Sacramento, CA",USA,Blue Lamp,with/Port St. Willow and Electro Group - video: hit single
03-08-2015,"Vancouver, BC",Canada,Biltmore Cabaret,with/Port St. Willow - video: drown - prossy - alphabet - review + photos - interview + review + more photos
03-07-2015,"Portland, OR",USA,Doug Fir Lounge,with/Port St. Willow
03-07-2015,"Seattle, WA",USA,The Triple Door,KEXP Session - audio (full performance) - video: full performance - photos
03-06-2015,"Seattle, WA",USA,Tractor Tavern,with/Port St. Willow - photos
03-05-2015,"Missoula, MT",USA,Stage 112,with/Port St. Willow
03-03-2015,"Fargo, ND",USA,The Aquarium,with/Port St. Willow and the Alleles
03-02-2015,"Minneapolis, MN",USA,7th Street Entry,with/Port St. Willow - review + photos
02-28-2015,"Chicago, IL",USA,The Beat Kitchen,with/Port St. Willow and Magical Beautiful - video: hit single (incomplete) - nowheres
02-27-2015,"Pittsburgh, PA",USA,Brillobox,with/Port St. Willow
02-26-2015,"Washington, DC",USA,Rock & Roll Hotel,with/Port St. Willow - review + photos
02-25-2015,"Philadelphia, PA",USA,The Boot & Saddle,with/Port St. Willow - video: drown (incomplete) - nowheres - review + photos
02-24-2015,"Brooklyn, NY",USA,Baby's Alright,with/Port St. Willow - video: prossy - proper f - sheepdug - photos
02-23-2015,"Boston, MA",USA,Great Scott,with/Port St. Willow - photos
02-15-2015,Glasgow,Scotland,Monorail,"In-store, acoustic performance"
02-14-2015,Edinburgh,Scotland,VoxBox Records,"In-store, acoustic performance - video: full performance"
02-13-2015,Leeds,England,Jumbo,"In-store, acoustic performance"
02-12-2015,Nottingham,England,Rough Trade,"In-store, acoustic performance"
02-11-2015,Cardiff,Wales,Spillers,"In-store, acoustic performance - video: prossy"
02-10-2015,Portsmouth,England,Pie & Vinyl,"In-store, acoustic performance - setlist - video: hit single"
02-09-2015,London,England,Flashback Records,"In-store, acoustic performance - video: last january + hit single - prossy - proper f"
02-09-2015,London,England,The Shacklewell Arms,"video: badlands - last january + hit single - prossy + shoplift - nowheres - alphabet
 proper f + nil - sheepdug + wrong car - rabbit"
02-09-2015,London,England,6 Studios,BBC Radio 6 Session
02-08-2015,London,England,Banquet Records,"In-store, acoustic performance 
 video: five songs (unsure if this is entire set)"
02-06-2015,Glasgow,Scotland,King Tut's Wah Wah Hut,video: promo video - drown - shoplift - nowheres - photos
01-10-2015,Valletta,Malta,St James Cavalier,Stripped back performance - video: wrong car - shoplift - rabbit - drown - some things last a long time
01-09-2015,Valletta,Malta,St James Cavalier,Stripped back performance - video: last january - sick
12-31-2014,Edinburgh,Scotland,Waverly Station,Hogmanay street party - with Twin Atlantic and Young Fathers - video: full performance
12-19-2014,Glasgow,Scotland,O2 ABC,with Errors - video: hit single - wrong car - photos - more photos
12-18-2014,Stirling,Scotland,The Tolbooth,video: last january - prossy - shoplift - sheepdug
12-01-2014,Glasgow,Scotland,BBC Radio Scotland,video + photos
11-27-2014,Glasgow,Scotland,HMV,"In-store, acoustic performance - video: january - prossy - drown - shoplift 
 sheepdug - pengweng - wrong car - rabbit - emily - photos"
11-23-2014,"Chicago, IL",USA,The Empty Bottle,Played all of Fourteen Autumns & Fifteen Winters - video (entire show in 5 parts): part one - part two - part three part four - part five
11-22-2014,"New York, NY",USA,Webster Hall,with We Were Promised Jetpacks - video: january - shoplift - photos
11-21-2014,"Philadelphia, PA",USA,Union Transfer,with We Were Promised Jetpacks
11-20-2014,"Boston, MA",USA,Paradise Rock Club,with We Were Promised Jetpacks
11-19-2014,"Washington, DC",USA,9:30 Club,with We Were Promised Jetpacks
11-18-2014,"Carborro, NC",USA,Cat's Cradle,with We Were Promised Jetpacks - photos
11-16-2014,"Atlanta, GA",USA,Terminal West,with We Were Promised Jetpacks
11-15-2014,"Birmingham, AL",USA,WorkPlayBham,with We Were Promised Jetpacks - photos - more photos
11-14-2014,"New Orleans, LA",USA,One Eyed Jack's,with We Were Promised Jetpacks - review + photos
11-13-2014,"Houston, TX",USA,Fitzgerald's,with We Were Promised Jetpacks - video: prossy - sheepdug
11-12-2014,"Dallas, TX",USA,Trees,with We Were Promised Jetpacks
11-11-2014,"Austin, TX",USA,The Mohawk,with We Were Promised Jetpacks - review + photos
11-09-2014,"Phoenix, AZ",USA,The Crescent Ballroom,with We Were Promised Jetpacks
11-09-2014,"Phoenix, AZ",USA,Stinkweeds,"In-store, acoustic performance - video: january - shoplift - alphabet"
11-08-2014,"San Diego, CA",USA,The Irenic,with We Were Promised Jetpacks - interview + photos
11-08-2014,"San Diego, CA",USA,M-Theory Music,"In-store, acoustic performance - video: prossy - sheepdug"
11-07-2014,"Los Angeles, CA",USA,Fonda Theatre,with We Were Promised Jetpacks - review + photos
11-07-2014,"Los Angeles, CA",USA,Origami Vinyl,"In-store, acoustic performance - video: alphabet"
11-04-2014,"San Francisco, CA",USA,Bimbo's 365 Club,with We Were Promised Jetpacks - review + photos
11-02-2014,"Portland, OR",USA,Wonder Ballroom,with We Were Promised Jetpacks
11-01-2014,"Seattle, WA",USA,Neumo's,with We Were Promised Jetpacks - video: prossy (incomplete)
30 oct 2014,"Boise, ID",USA,Knitting Factory,with We Were Promised Jetpacks
10-29-2014,"Salt Lake City, UT",USA,Urban Lounge,with We Were Promised Jetpacks
10-28-2014,"Denver, CO",USA,Bluebird Theater,with We Were Promised Jetpacks - video: sheepdug
10-26-2014,"St Louis, MO",USA,Old Rock House,with We Were Promised Jetpacks - review + photos
10-25-2014,"Madison, WI",USA,Majestic Theater,with We Were Promised Jetpacks - photos
10-24-2014,"Chicago, IL",USA,Metro,with We Were Promised Jetpacks
10-23-2014,"Cincinnati, OH",USA,Bogart's,with We Were Promised Jetpacks - video: hit single - photos
10-23-2014,"Cincinnati, OH",USA,Powerhouse Factories,Acoustic session - video: pengweng + alphabet
10-22-2014,"Columbus, OH",USA,Skully's Music Diner,with We Were Promised Jetpacks - review + photos
10-21-2014,"Cleveland, OH",USA,Sofar Sounds,Acoustic session - video: january - photos
10-20-2014,"Detroit, MI",USA,Magic Stick,"with We Were Promised Jetpacks - video: badlands - january - hit single - prossy
 proper f - nil - rabbit - photos"
10-19-2014,"Toronto, ON",Canada,Phoenix Concert Theatre,with We Were Promised Jetpacks - photos
10-18-2014,"Montreal, QC",Canada,Motore,with We Were Promised Jetpacks
10-17-2014,"Portland, ME",USA,Port City Music Hall,with We Were Promised Jetpacks - video: hit single - rabbit
10-16-2014,"Brooklyn, NY",USA,Rough Trade,with Christines - video: rabbit - three seconds - photos
10-09-2014,Edinburgh,Scotland,Pleasance Theatre,Pleasance Sessions - video: last january - pengweng - proper f - sheepdug - review + photo + setlist
10-07-2014,Nottingham,England,The Bodega Social Club,with Errors - photos
10-06-2014,London,England,Boston Music Room,with Errors - video: january - shoplift - pengweng
10-05-2014,Manchester,England,The Soup Kitchen,
09-12-2014,Dunkeld,Scotland,Birnam Arts & Conference Centre,video: proper f - pengweng - review + photos
09-11-2014,Aberdeen,Scotland,Lemon Tree,
09-09-2014,Edinburgh,Scotland,The Tun,
08-30-2014,Glasgow,Scotland,Richmond Park,The Last Big Weekend 2014 - video: 3 seconds - review + photo
08-19-2014,Edinburgh,Scotland,The Potterrow,with Hidden Orchestra
08-10-2014,Sunderland,England,Mowbray Park,Split Festival Sunderland - photos
08-06-2014,London,England,Oslo,Stripped down performance - video: prossy - january - wrong car - shoplift - sheepdug
08-05-2014,Manchester,England,The Soup Kitchen,"James + Andy only, with Owl John - video: rabbit"
07-29-2014,London,England,KOKO,with Mogwai and Fuck Buttons (DJ Set) - Benefit for Julia Brightly
07-25-2014,London,England,The Lexington,"with Cuts and Parlour - video: 80's - don't move - hit single - prossy 
 Rest of show in two parts: part one - part two - review + photos"
07-20-2014,Liverpool,England,East Village Arts Club,with Strange Collective and Tear Talk - review + photo
07-19-2014,Steventon,England,Hill Farm,Truck Festival - photos
07-13-2014,Kinross,Scotland,Balado,"T in the Park 2014 - video: sheepdug - the mother we share (James singing with Chvrches) - photos 
 more photos"
06-21-2014,London,England,Northampton Square Bandstand,video: sheepdug - last january - alphabet - shoplift - rabbit - hit single - photos
05-31-2014,Barcelona,Spain,Parc de la Ciutadella,"Primavera Sound 2014, stripped down set - video: prossy - wrong car - hit single"
05-30-2014,Barcelona,Spain,Parc del Forum,Primavera Sound 2014 - video: prossy - hit single - James article for Huffington Post
05-03-2014,Bristol,England,The Exchange,
05-02-2014,Manchester,England,The Deaf Institute,
05-01-2014,London,England,Hoxton Square Bar & Kitchen,
04-30-2014,London,England,Hoxton Square Bar & Kitchen,"video: sheepdug 
 Rest of the show in 3 parts + last song: part one - part two - part three - 3 seconds - review + photo + setlist
 more photos"
04-29-2014,Leeds,England,Brudenell Social Club,with Vladimir - photos
04-28-2014,Glasgow,Scotland,Nice n' Sleazy,
04-04-2014,Glasgow,Scotland,Barrowlands,with Manic Street Preachers - review + photos
04-03-2014,Edinburgh,Scotland,The Corn Exchange,with Manic Street Preachers - video: don't move - january
12-21-2013,Glasgow,Scotland,King Tut's Wah Wah Hut,Played Fourteen Autumns & Fifteen Winters
12-20-2013,Glasgow,Scotland,King Tut's Wah Wah Hut,"Played Fourteen Autumns & Fifteen Winters - video: sheepdug - hit single - last year's rain 
 3 seconds - review + photos - more photos"
12-14-2013,Edinburgh,Scotland,Liquid Room,with Honeyblood and Conquering Animal Sound - video: downstairs - dead city - alphabet - emily - sheepdug rabbit - review + photos
10-14-2013,Paisley,Scotland,Paisley Abbey,"The Spree 2013, with the Royal National Scottish Orchestra - video: full performance"
09-21-2013,Tilburg,Netherlands,Poppodium 013,Incubate 2013 - video: made to disappear - wrong car - prossy - 80's - photos
08-24-2013,Brighton,England,Concorde 2,At the Edge of the Sea 2013 - video: rabbit - emily - prossy - suck
07-27-2013,Glasgow,Scotland,Platform,Concert to save Sighthill Stone Circle - video: sheepdug
06-23-2013,Glasgow,Scotland,Òran Mór,with Meursault and Campfires in Winter - West End Festival 2013 - video: prossy - the room - rabbit - photos
06-19-2013,Glasgow,Scotland,HMV Glasgow,In-store acoustic performance - photos
05-26-2013,Leicester,England,The Guildhall,Handmade Festival 2013 - photo
04-28-2013,Dundee,Scotland,20 Rocks,with United Fruit - video: nil - photos
04-27-2013,Stirling,Scotland,The Tolbooth,with United Fruit - video: alphabet
04-26-2013,Dunfermline,Scotland,PJ Molloys,with United Fruit
04-25-2013,Aberdeen,Scotland,Lemon Tree,with United Fruit - video: at the burnside
04-20-2013,Dublin,Ireland,Workman's Club,
04-18-2013,Cork,Ireland,Cyprus Avenue,with Gary Meyler
04-18-2013,Galway,Ireland,Roisin Dubh,
04-17-2013,Belfast,Ireland,Auntie Anne's,with Amidships
03-27-2013,"Louisville, KY",USA,Headliners Music Hall,with Frightened Rabbit
03-26-2013,"Cincinnati, OH",USA,Bogart's,with Frightened Rabbit - video: alphabet - 80's - photos
03-24-2013,"Chicago, IL",USA,Riviera Theatre,with Frightened Rabbit - video: 80's
03-22-2013,"Milwaukee, WI",USA,Pabst Theater,with Frightened Rabbit - video: sheepdug
03-21-2013,"Minneapolis, MN",USA,Varsity Theater,with Frightened Rabbit - review + photo
03-19-2013,"Lincoln, NE",USA,Bourbon Theatre,with Frightened Rabbit
03-18-2013,"Englewood, CO",USA,Gothic Theatre,with Frightened Rabbit - video: wrong car
03-15-2013,"San Francisco, CA",USA,Rickshaw Stop,with Vir and Sporting Life - video: emily - rabbit - sheepdug
03-14-2013,"Santa Cruz, CA",USA,The Crepe Place,video: made to disappear - 80's - 3iii - wrong car - photos - more photos
03-13-2013,"Los Angeles, CA",USA,The Fonda Theatre,"with Frightened Rabbit (stripped down set) - video: prossy - sick - faster - 80's 
 sheepdug - review #1 + photos - review #2 + photos - review #3 + photos - review #4 + photos"
03-12-2013,"Solana Beach, CA",USA,Belly Up Tavern,with Frightened Rabbit - video: hit single - alphabet - prossy - review + photos - second review + photo
03-11-2013,"San Francisco, CA",USA,The Fillmore,with Frightened Rabbit - review + photos
03-09-2013,"Portland, OR",USA,Hawthorne Theatre,with Frightened Rabbit
03-08-2013,"Seattle, WA",USA,Showbox at the Market,with Frightened Rabbit
02-24-2013,Glasgow,Scotland,Nice n' Sleazy,"Stripped back set - video: alphabet - prossy - 80's - ye ken - emily (incomplete) - wrong car
 3iii (incomplete) - sheepdug"
02-23-2013,Edinburgh,Scotland,The Electric Circus,with Adam Thompson (We Were Promised Jetpacks) Stripped back set - video: hit single - 80's - emily - rabbit wrong car - sheepdug - review + photo
02-02-2013,Thessalonki,Greece,Gaia Live Club Ladadika,with Grain of Sense - review + photos
02-01-2013,Larisa,Greece,Stage Club,with Phase
01-31-2013,Athens,Greece,Kookoo Club,"with Nalyssa Green - video: hit single - don't move - dead city - alphabet 
 sheepdug + rabbit - photos - more photos"
12-19-2012,Glasgow,Scotland,Bar Bloc,with Ryan Clark (Three Blind Wolves) and RM Hubbert - Slow Fest 2012 (acoustic set) - video: sheepdug - emily
12-15-2012,Glasgow,Scotland,Barrowlands,"with We Were Promised Jetpacks and Holy Mountain - video: kill it - don't move 
 dead city - 80's - sick - nil - sheepdug - review + photos - review #2 + photo"
11-20-2012,"Allston, MA",USA,Great Scott,with Errors - video: dead city - alphabet - nil - at the burnside
11-18-2012,"Toronto, ON",Canada,Horseshoe Tavern,with Errors
11-17-2012,"Cleveland, OH",USA,Grog Shop,"with Errors, The Nights and In Silent Movies"
11-16-2012,"Chicago, IL",USA,Empty Bottle,with Errors
11-15-2012,"Kansas City, MO",USA,Record Bar,"with Errors - video: don't move - dead city - prossy - downstairs 
 nil - sheepdug - rabbit"
11-14-2012,"Dallas, TX",USA,Club Dada,with Errors and The Calm Blue Sea - video: alphabet
11-13-2012,"Austin, TX",USA,Red 7,with Errors
11-12-2012,"Baton Rouge, LA",USA,Spanish Moon,with Errors - video: sheepdug
11-10-2012,"Atlanta, GA",USA,The Masquerade,with Errors and Attention System
11-09-2012,"Durham, NC",USA,Casbah,with Errors
11-08-2012,"Washington, DC",USA,Rock and Roll Hotel,with Errors and The Orchid
11-07-2012,"Philadelphia, PA",USA,Johnny Brenda's,with Errors
11-06-2012,"Hamden, CT",USA,The Space,with Errors
11-05-2012,"Brooklyn, NY",USA,Music Hall of Williamsburg,with Errors
11-01-2012,Istanbul,Turkey,Babylon,with The Ringo Jets - TV spot
10-27-2012,Preston,England,The Mad Ferret,
10-26-2012,Leeds,England,Brudenell Social Club,with RM Hubbert - video: don't move - prossy
10-25-2012,Cambridge,England,Portland Arms,video: don't move - hit single - prossy - sheepdug
10-24-2012,Bristol,England,The Louisiana,with RM Hubbert and Casimir
10-23-2012,London,England,Dingwalls,with RM Hubbert
10-22-2012,Birmingham,England,Hare and Hounds,with RM Hubbert and Victor
10-20-2012,Manchester,England,Sound Control,
10-19-2012,Wakefield,England,The Hop,with St Gregory Orange - review + photo
10-18-2012,Newcastle,England,The Cluny,with RM Hubbert and The Prison Library - photos
10-05-2012,Edinburgh,Scotland,The Electric Circus,
08-19-2012,Leicester,England,De Montfort Hall,Summer Sundae Weekender - video: alphabet - photos
08-11-2012,Piešťany,Slovakia,Letsiko,Grape Festival 2012 - video: nil - at the burnside
08-05-2012,Katowice,Poland,Dolina Trzech Stawów,Off Festival 2012 - video: don't move - kill it - alphabet - rabbit
07-21-2012,Eigg Island,Scotland,Community Hall,AwayGame 2012
06-02-2012,Wakefield,England,Theatre Royal,Long Division Festival 2012 - various video clips - photos
05-31-2012,Glasgow,Scotland,Òran Mór,
05-12-2012,Norwich,England,Waterfront Studio,
05-11-2012,Brighton,England,Coalition,Great Escape 2012 - video: sheepdug - interview - photos
05-10-2012,Liverpool,England,The Kazimier,with Three Blind Wolves and Death at Sea - photo + hilarious review - review #2 + better photo
04-28-2012,Arlon,Belgium,Caserne Des Pompiers,Aralunaires 2012 - photos
04-27-2012,Brussels,Belgium,Witloof Bar,
04-26-2012,Trier,Germany,Exhaus,with Appalache - video: don't look at me - downstairs
04-25-2012,Zurich,Switzerland,Hafenkneipe,
04-24-2012,Padova,Italy,Circolo Zero,with Last Century of Love - photos
04-23-2012,Turin,Italy,Spazio 211,with City Final
04-22-2012,Rome,Italy,Loft privato,
04-21-2012,Florence,Italy,Auditorium,with Bologna Violenta - photos
04-20-2012,Graz,Austria,PPC,video: don't move - hit single - prossy - alphabet - nil - sheepdug
04-19-2012,Vienna,Austria,Chelsea,video (23+ mins of show): the twilight sad at Chelsea - photos
04-18-2012,Prague,Czech Republic,007,video: hit single - sheepdug - photos
04-16-2012,Stuttgart,Germany,Shocken,review + photos
04-15-2012,Berlin,Germany,Magnet Club,with Those Darlins
04-14-2012,Cologne,Germany,Gebäude 9,photos
04-13-2012,Duisburg,Germany,Cafe Steinbruch,video: rabbit (bad audio)
04-12-2012,Utrecht,Netherlands,Ekko,video: hit single - alphabet - sheepdug - at the burnside - review + photos
04-11-2012,Rotterdam,Netherlands,Rotown,
03-30-2012,Glasgow,Scotland,The Flying Duck,
03-17-2012,"Austin, TX",USA,Red 7 Patio,SXSW - Showcase
03-17-2012,"Austin, TX",USA,Club DeVille,SXSW - AV Club Party - video: sheepdug - photos
03-16-2012,"Austin, TX",USA,Latitude 30,"SXSW - Discovering Scotland Showcase - video: rabbit - rabbit (same performance, alternate video) - photos"
03-16-2012,"Austin, TX",USA,Hotel Vegas,SXSW - Brooklyn Vegan Party - video: nil (bad audio)
03-15-2012,"Austin, TX",USA,Beauty Bar,SXSW - Sweetwood Day Party - video: don't move
03-15-2012,"Austin, TX",USA,St. Cecilia Hotel,SXSW - OnAirStreaming.com Session
03-14-2012,"Austin, TX",USA,Hype Hotel,"SXSW - Song, by Toad Party - photo"
03-11-2012,"Portland, OR",USA,Doug Fir Lounge,with Micah P. Hinson
03-10-2012,"Seattle, WA",USA,Tractor Tavern,with Micah P. Hinson and Isis and the Ghost - video: prossy
03-10-2012,"Seattle, WA",USA,Triple Door,KEXP Session - audio - photos
03-08-2012,"San Francisco, CA",USA,The Independent,video: sheepdug - rabbit - review + photos
03-07-2012,"San Jose, CA",USA,The Blank Club,with Micah P. Hinson
03-06-2012,"Los Angeles, CA",USA,The Echo,with Micah P. Hinson and Pageants - review + photos
03-05-2012,"San Diego, CA",USA,The Casbah,with Micah P. Hinson - video: rabbit
03-03-2012,"Minneapolis, MN",USA,7th Street Entry,"with Micah P. Hinson and Danger, Will Robinson - review + photos"
03-02-2012,"Chicago, IL",USA,Empty Bottle,with Micah P. Hinson and Young Prisms - video: hit single + another bed
03-01-2012,"Grand Rapids, MI",USA,The Pyramid Scheme,with Micah P. Hinson and Ghost Heart
02-29-2012,"Toronto, ON",Canada,Lee's Place,with Odonis Odonis - review + photos - additional review + photo
02-28-2012,"Montreal, QC",Canada,Il Motore,with Forest Fire
02-26-2012,"Boston, MA",USA,Brighton Music Hall,"with Micah P. Hinston and Forest Fire - video: prossy - sheepdug + nil - photos (live + backstage)
 review + photos"
02-25-2012,"Brooklyn, NY",USA,Music Hall of Williamsburg,with Micah P. Hinson and Forest Fire - review + photos
02-23-2012,Edinburgh,Scotland,HMV Picturehouse,Stripped down set
02-16-2012,Leeds,England,Brudenell Social Club,video: hit single - photo
02-15-2012,Nottingham,England,Stealth,with Childhood - review + photos + setlist
02-14-2012,London,England,Cargo,video: alphabet - review + setlist
02-13-2012,Bristol,England,Fleece,with Let's Wrestle and Evacuees - review + photos
02-12-2012,Birmingham,England,Hare and Hounds,with Let's Wrestle and Decades
02-11-2012,Sheffield,England,Queens Social Club,with Let's Wrestle and Young British Artists - video: cold days - photos
02-10-2012,Manchester,England,The Ruby Lounge,video: downstairs - another bed - sheepdug - rabbit - photos
02-09-2012,Glasgow,Scotland,Grand Ole Opry,with Let's Wrestle - video (audio not great on these): kill it - dead city - downstairs - nil - poster - photos
02-08-2012,Edinburgh,Scotland,Avalanche Records,In-store acoustic session - video: alphabet - hit single - sick - rabbit - another bed - sheepdug
02-04-2012,Dunfermline,Scotland,Jam Jar,with People Places Maps and Astrid & Quinn - photos - poster
01-18-2012,Glasgow,Scotland,Diving Bell Lounge,Stripped back set with Mark on piano - video: alphabet - another bed - not sleeping
11-25-2011,Stirling,Scotland,The Tolbooth,with Adam Stafford and Blank Canvas - video: sheepdug
11-24-2011,Kingston upon Hull,England,The New Adelphi,with The Holy Orders - video: faster
11-23-2011,Leicester,England,Firebug,with Dark Dark Horse and Tom Morris - photos
11-22-2011,Oxford,England,Jericho Tavern,with Toliesel - photos
11-21-2011,London,England,Greek Street,"One song only, BeatCast Offbeat Session - video: sick"
11-21-2011,London,England,The Borderline,with Peace - video: alphabet - at the burnside - review + setlist
11-20-2011,York,England,The Duchess,with Panda Cubs and Fawn Spots
11-19-2011,Preston,England,The Mad Ferret,with Goonies Never Say Die - video: prossy
11-18-2011,Glasgow,Scotland,Nice n' Sleazy,with Adam Stafford
11-17-2011,Glasgow,Scotland,Nice n' Sleazy,with Arab Strap and RM Hubbert
11-16-2011,Edinburgh,Scotland,Bongo Club,with Adam Stafford - video: hit single - prossy - review + photos
11-15-2011,Inverness,Scotland,The Ironworks,
11-14-2011,Aberdeen,Scotland,The Tunnels,
11-13-2011,Dundee,Scotland,Doghouse,with Adam Stafford and Vladimir - video: kill it - photos
10-15-2011,Reykjavik,Iceland,Iðnó,Iceland Airwaves - photos
10-14-2011,Reykjavik,Iceland,KEX Hostel,Live on KEXP for Iceland Airwaves - video: prossy - photos - review + photos
09-21-2011,Brussels,Belgium,La Rotonde,
09-20-2011,Cologne,Germany,Gebäude 9,with We Were Promised Jetpacks and Mazes - video: rabbit
09-19-2011,Berlin,Germany,Lido,with We Were Promised Jetpacks and Mazes - photo + review
09-17-2011,Amsterdam,Netherlands,Paradiso,with We Were Promised Jetpacks and Mazes - Fat Cat Tour - video: sheepdug - photo
09-16-2011,Paris,France,La Flèche d'Or,with We Were Promised Jetpacks and Mazes - video: faster - kill it (incomplete) - alphabet - sheepdug
08-29-2011,Aberdeen,Scotland,The Tunnels,with Steven Milne
08-21-2011,Edinburgh,Scotland,The Electric Circus,with Adam Stafford and RM Hubbert - Acoustic session - video: wrong car - enjoy the silence - prossy - 80's inbetween days - rabbit - sheepdug - review + photo
07-15-2011,Preston,England,Mad Ferret,
07-14-2011,Cheltenham,England,Upcote Farm,2000 Trees Festival 2011
06-12-2011,Dores,Scotland,Clunes Farm,"RockNess 2011 - video: sheepdug (quality not great) - photos - more photos 
 still more photos - even more photos"
04-30-2011,Leeds,England,Leeds Metropolitan University,Leeds 2011 - photos
03-19-2011,"Austin, TX",USA,Annie's West,"SXSW 2011 - Popantipop presents Sea Now! - video: hit single - don't move 
 prossy - sheepdug - rabbit"
03-19-2011,"Austin, TX",USA,Homeslice Pizza,SXSW 2011 - video: sheepdug - photos
03-16-2011,"Austin, TX",USA,Maggie Mae's,"SXSW 2011 - Scotland Showcase - video (not great quality): hit single 
 sheepdug + rabbit - don't move - clip from SXSW 2011 documentary - photos"
02-27-2011,Gateshead,England,The Sage,with Mogwai and Konx-om-Pax
02-26-2011,Manchester,England,Manchester Academy,with Mogwai and Konx-om-Pax
02-25-2011,London,England,Barfly,with Hot Horizons
02-25-2011,London,England,O2 Academy Brixton,with Mogwai and Konx-om-Pax
02-24-2011,Birmingham,England,HMV Institute,with Mogwai - review + photos
02-23-2011,Oxford,England,The Regal,with Mogwai and Konx-om-Pax
02-21-2011,Edinburgh,Scotland,HMV Picture House,with Mogwai
02-20-2011,Leeds,England,O2 Academy Leeds,with Mogwai and Konx-om-Pax - video: 3iii - downstairs - sheepdug - rabbit
02-19-2011,Bristol,England,O2 Academy Bristol,with Mogwai and Konx-om-Pax
02-18-2011,Cardiff,Wales,Cardiff University,with Mogwai and Konx-om-Pax
02-17-2011,Bournemouth,England,O2 Academy Bournemouth-,with Mogwai and Konx-om-Pax
02-16-2011,Cambridge,England,The Haymakers,with The October Game
02-10-2011,Glasgow,Scotland,Strathclyde University,with Endor and Kasule
10-17-2010,Glasgow,Scotland,Òran Mór,with Unwinding Hours and RM Hubbert - video: the room - rabbit - photos
10-16-2010,Nottingham,England,BBC Studios,video: wrong car + rabbit
10-12-2010,Edinburgh,Scotland,Liquid Room,with Errors
10-11-2010,Leeds,England,The Cockpit,with Errors
10-10-2010,Bristol,England,Fleece,with Errors
10-09-2010,Brighton,England,Audio,with Errors
10-07-2010,London,England,XOYO,with Errors - photos
10-06-2010,Manchester,England,The Deaf Institute,with Errors - video (poor quality): prossy - sheepdug - rabbit
10-05-2010,Nottingham,England,Stealth,with Errors
10-04-2010,Newcastle,England,The Cluny,with Errors - video: prossy - sheepdug - photos
10-01-2010,Stirling,Scotland,The Tolbooth,with Errors
09-30-2010,Dundee,Scotland,Doghouse,with Errors and Pensioner - photos
09-29-2010,Aberdeen,Scotland,Lemon Tree,with Errors - review
07-23-2010,Sheffield,England,Barker's Pool,Tramlines Festival 2010 - photo
06-11-2010,"Austin, TX",USA,Emo's,with Calm Blue Sea - photos
06-10-2010,"Houston, TX",USA,Rudyards,with Mono - photos
06-09-2010,"Baton Rouge, LA",USA,Spanish Moon,with Mono
06-08-2010,"Little Rock, AR",USA,Revolution Music Room,with Mono
06-07-2010,"Memphis, TN",USA,Hi-Tone Café,with Mono
06-06-2010,"Nashville, TN",USA,Exit/In,with Mono - video (poor quality): hit single
06-05-2010,"Atlanta, GA",USA,The Masquerade,with Mono
06-04-2010,"Durham, NC",USA,North State Sound,with Mono
06-02-2010,"Washington, DC",USA,9:30 Club,with Mono
06-01-2010,"Philadelphia, PA",USA,First Unitarian Church,with Mono
05-30-2010,"New York, NY",USA,Bowery Ballroom,with Mono - video: downstairs - hit single - the room - review + photos
05-29-2010,"Milford, CT",USA,Daniel Street,with Mono - photos
05-28-2010,"Cambridge, MA",USA,The Middle East,with Mono - video: faster - prossy - 3iii
05-27-2010,"Montreal, QC",Canada,La Sala Rossa,with Mono
05-26-2010,"Toronto, ON",Canada,Lee's Palace,with Mono
05-25-2010,"Pittsburgh, PA",USA,Brillobox,with Mono - video: rabbit - prossy - faster - sheepdug
05-24-2010,"Cleveland Heights, OH",USA,Grog Shop,with Mono
05-23-2010,"Detroit, MI",USA,Magic Stick,with Mono
05-22-2010,"Chicago, IL",USA,Lincoln Hall,with Mono - video: faster - sheepdug - photos
05-21-2010,"Milwaukee, WI",USA,Turner Hall Ballroom,with Mono - video: prossy
05-20-2010,"Madison, WI",USA,High Noon Saloon,with Mono
05-19-2010,"Minneapolis, MN",USA,Triple Rock Social Club,"with Mono - video (poor quality, incomplete): 3iii - photos"
05-18-2010,"Des Moines, IA",USA,Vaudeville Mews,with Mono
05-17-2010,"Omaha, NE",USA,The Waiting Room Lounge,with Mono - poster
05-15-2010,"Denver, CO",USA,Bluebird Theater,with Mono - video: downstairs - prossy - rabbit - 3iii
05-14-2010,"Salt Lake City, UT",USA,Urban Lounge,with Mono - video: rabbit (incomplete) - photos
05-12-2010,"Vancouver, BC",Canada,Biltmore Cabaret,with Mono
05-11-2010,"Seattle, WA",USA,Neumo's,with Mono - review + photos
05-10-2010,"Portland, OR",USA,Berbati's Pan,with Mono
05-08-2010,"San Francisco, CA",USA,Slim's,with Mono - photos - more photos
05-07-2010,"Los Angeles, CA",USA,El Rey Theatre,with Mono
05-06-2010,London,England,HMV Hammersmith Apollo,with Biffy Clyro - video: sheepdug - photos - more photos
05-05-2010,Bristol,England,Colston Hall,with Biffy Clyro
05-04-2010,Portsmouth,England,Guildhall,with Biffy Clyro and Rolo Tomassi - photos
05-03-2010,Leicester,England,De Montfort Hall,with Biffy Clyro
05-01-2010,Blackpool,England,Empress Ballroom,with Biffy Clyro
04-30-2010,Sheffield,England,O2 Academy,with Biffy Clyro
04-29-2010,Perth,Scotland,Perth Concert Hall,with Biffy Clyro and Rolo Tomassi
04-02-2010,Glasgow,Scotland,O2 ABC,with Take A Worm For A Walk Week and The Unwinding Hours - video: sheepdug - photos
04-01-2010,Aberdeen,Scotland,The Warehouse,with Take A Worm For A Walk Week - video: hit single - the room - review + setlist + photos
03-30-2010,Edinburgh,Scotland,Avalanche Records,"In-store, acoustic performance"
03-27-2010,Sheffield,England,The Harley,with Take A Worm For A Walk Week - review + photo - more photos
03-26-2010,Oxford,England,Jericho Tavern,with Take A Worm For A Walk Week
03-25-2010,Manchester,England,The Ruby Lounge,with Take A Worm For A Walk Week
03-24-2010,London,England,Relentless Garage,with Wild Palms and Take A Worm For A Walk Week - review + photos
12-16-2009,Glasgow,Scotland,Nice n' Sleazy,
12-15-2009,Edinburgh,Scotland,Voodoo Rooms,
11-28-2009,Glasgow,Scotland,Scottish Exhibition & Conference Centre,
11-23-2009,York,England,The Basement,
11-21-2009,Brussels,Belgium,La Rotonde,
11-20-2009,Amsterdam,Netherlands,Paradiso,London Calling Festival
11-19-2009,Münster,Germany,Gleis 22,with The Death Letters
11-18-2009,Heidelberg,Germany,Karlstorbahnhof,with The Death Letters
11-17-2009,Schorndorf,Germany,Manufaktur,with The Death Letters - photo + review (in German)
11-15-2009,Munich,Germany,Atomic Café,with The Death Letters
11-14-2009,Milan,Italy,La Casa 139,
11-13-2009,Rome,Italy,Circolo degli Artisti,video: prossy - rabbit - band mugged by fake police - article + thank you note
11-09-2009,Frankfurt,Germany,Nachtleben,with Sad Day For Puppets
11-07-2009,Berlin,Germany,Bang Bang Club,with Sad Day For Puppets - review + photos - video: pre-show interview
11-06-2009,Hamburg,Germany,Molotow,with Dance Yourself To Death - photos
11-05-2009,Copenhagen,Denmark,Loppen,with Sad Day For Puppets
11-03-2009,Cologne,Germany,Luxor,
11-01-2009,London,England,Northampton Square Bandstand,acoustic session for bandstand busking - video: rabbit - ye ken - the room - sheepdug
10-30-2009,Brighton,England,Freebutt,video: prossy
10-29-2009,London,England,Scala,"with Airship and Talons - photos
 video: hit single - downstairs - prossy - loud/quiet - rabbit"
10-28-2009,Norwich,England,Norwich Arts Centre,
10-27-2009,Cambridge,England,Portland Arms,photos
10-26-2009,Birmingham,England,Hare and Hounds,with Mutineers and Goodnight Lenin - review + photos
10-24-2009,Nottingham,England,The Bodega,with Mascot Fight and In The Back Of The Real
10-23-2009,Cardiff,England,The Gate Arts Centre,
10-22-2009,Leeds,England,The Cockpit,
10-21-2009,Manchester,England,The Ruby Lounge,photos
10-21-2009,London,England,6Music Studios,Marc Riley BBC6 Music Session
10-20-2009,Newcastle,England,The Cluny,video: loud/quiet (poor quality)
10-12-2009,"Chicago, IL",USA,Empty Bottle,with We Were Promised Jetpacks and brakesbrakesbrakes - photos
10-10-2009,"Toronto, ON",Canada,El Mocambo,with We Were Promised Jetpacks and brakesbrakesbrakes - review + photos
10-09-2009,"Montreal, QC",Canada,La Sala Rossa,with We Were Promised Jetpacks and brakesbrakesbrakes
10-07-2009,"Allston, MA",USA,Great Scott,"with We Were Promised Jetpacks and brakesbrakesbrakes - review + photos
 video: loud/quiet - the room - sheepdug"
10-06-2009,"New York, NY",USA,Bowery Ballroom,with We Were Promised Jetpacks and brakesbrakesbrakes - review + photos
10-05-2009,"Washington, DC",USA,Black Cat,with We Were Promised Jetpacks and brakesbrakesbrakes
10-03-2009,"Philadelphia, PA",USA,North Star Bar,with We Were Promised Jetpacks and brakesbrakesbrakes
10-02-2009,"Brooklyn, NY",USA,Southpaw,"with We Were Promised Jetpacks and brakesbrakesbrakes - video: hit single
 review + photos"
10-01-2009,"Chapel Hill, NC",USA,Local 506,with We Were Promised Jetpacks and brakesbrakesbrakes
09-29-2009,"Orlando, FL",USA,The Social,with Frightened Rabbit and We Were Promised Jetpacks - photos
09-28-2009,"Tallahassee, FL",USA,Club Downunder,with Frightened Rabbit and We Were Promised Jetpacks - poster
09-27-2009,"Atlanta, GA",USA,The Masquerade,with Frightened Rabbit and We Were Promised Jetpacks
09-26-2009,"Birmingham, AL",USA,Bottletree,Filmed for Alabama Public Television show We Have Signal - video: interview + performance
09-25-2009,"Baton Rouge, LA",USA,Spanish Moon,with Frightened Rabbit - poster
09-24-2009,"Austin, TX",USA,Mohawk,"with Frightened Rabbit, We Were Promised Jetpacks and Division Day"
09-22-2009,"Tucson, AZ",USA,Plush,with Frightened Rabbit and We Were Promised Jetpacks
09-20-2009,"Los Angeles, CA",USA,The Knitting Factory,with Frightened Rabbit and We Were Promised Jetpacks - review + photos
09-19-2009,"San Jose, CA",USA,The Voodoo Lounge,with Frightened Rabbit and We Were Promised Jetpacks - photos
09-18-2009,"San Francisco, CA",USA,The Independent,with Frightened Rabbit and We Were Promised Jetpacks
09-17-2009,"Portland, OR",USA,Dante's,"MusicFest NW2009 - with Frightened Rabbit, We Were Promised Jetpacks and Archeology"
09-17-2009,"Portland, OR",USA,Doug Fir Lounge,"MusicFest NW2009 - with Frightened Rabbit and We Were Promised Jetpacks - photos
 video: seven years of letters - made to disappear - 3iii - sheepdug"
09-16-2009,"Seattle, WA",USA,Neumo's,with Frightened Rabbit and We Were Promised Jetpacks - review + photos
09-15-2009,"Boise, ID",USA,Neurolux,with Frightened Rabbit and We Were Promised Jetpacks
09-14-2009,"Salt Lake City, UT",USA,Urban Lounge,with Frightened Rabbit and We Were Promised Jetpacks
08-28-2009,Leeds,England,Bramham Park,Leeds Festival 2009
08-05-2009,London,England,The Lexington,with Magic & Fur - photos
08-04-2009,York,England,The Basement,with Dream of Apollo
07-18-2009,Newcastle,England,Ouseburn Farm,Ouseburn Festival
07-12-2009,Kinross,Scotland,Balado,T in the Park 2009 - acoustic session for Skinny magazine - video: prossy - 80's - wrong car
07-12-2009,Kinross,Scotland,Balado,"T in the Park 2009- BBC Introducing - video: prossy + sheepdug + rabbit 
 post by James for T Diaries"
07-09-2009,London,England,Institute of Contemporary Arts,with We Were Promised Jetpacks
07-04-2009,Paddock Wood,England,Hop Farm,Hop Farm Music Festival 2009 - photos
07-02-2009,Edinburgh,Scotland,Bongo Club,with Adam Stafford and The Foundling Wheel
06-15-2009,Glasgow,Scotland,King Tut's Wah Wah Hut,with We Were Promised Jetpacks and Over the Wall
05-23-2009,Glasgow,Scotland,ABC,Stag & Dagger Festival
05-22-2009,Leeds,England,,Stag & Dagger Festival
05-21-2009,London,England,,Stag & Dagger Festival
05-20-2009,Bristol,England,The Fleece,with Farthing Wood and An Axe
05-19-2009,Southampton,England,Joiners,
05-18-2009,Nottingham,England,The Bodega,
05-17-2009,Oxford,England,Bullingdon Arms,
05-15-2009,Cardiff,England,Barfly,
05-14-2009,Brighton,England,Water Margin,The Great Escape 2009
05-13-2009,Birmingham,England,The Rainbow,with Mr Bones and the Dreamers and Blisst
05-08-2009,"Chicago, IL",USA,Congress Theatre,with Mogwai - review + photos
05-06-2009,"Pontiac, MI",USA,Crofoot Ballroom,with Mogwai - poster
05-05-2009,"Buffalo, NY",USA,Tralf Music Hall,with Mogwai
05-04-2009,"Toronto, ON",Canada,Phoenix,with Mogwai - photos
05-03-2009,"Montreal, QC",Canada,Metropolis,with Mogwai - photos
05-02-2009,"Northampton, MA",USA,Pearl Street,with Mogwai - photos
05-01-2009,"Boston, MA",USA,The Wilbur Theatre,with Mogwai - photos
04-30-2009,"Washington, DC",USA,Rock and Roll Hotel,photos
04-29-2009,"Brooklyn, NY",USA,Music Hall of Williamsburg,with Mogwai
04-28-2009,"Brooklyn, NY",USA,Music Hall of Williamsburg,with Mogwai
04-27-2009,"Brooklyn, NY",USA,Music Hall of Williamsburg,with Mogwai
04-25-2009,"Philadelphia, PA",USA,Trocadero,with Mogwai - photos - poster
04-24-2009,"Carborro, NC",USA,Cat's Cradle,with Mogwai
04-23-2009,"Asheville, NC",USA,The Orange Peel,with Mogwai - poster
04-22-2009,"Birmingham, AL",USA,Workplay Theater,with Mogwai
04-21-2009,"New Orleans, LA",USA,Republic,with Mogwai
04-20-2009,"Houston, TX",USA,Numbers,with Mogwai
04-19-2009,"Austin, TX",USA,The Mohawk,with The Calm Blue Sea
04-17-2009,"Dayton, OH",USA,Club Aquarius,photos
12-23-2008,Glasgow,Scotland,King Tut's Wah Wah Hut,with Plaaydoh
12-18-2008,Glasgow,Scotland,King Tut's Wah Wah Hut,with Idlewild - photos
11-18-2008,Zürich,Switzerland,Rote Fabrik,with Mogwai
11-17-2008,Fribourg,Switzerland,Fri-Son,with Mogwai and Psyking
11-15-2008,Prague,Czech Republic,Archa Theatre,with Mogwai and Four Tet - photos
11-14-2008,Vienna,Austria,WUK,with Mogwai
11-13-2008,Zagreb,Croatia,Aquarius Club,with Mogwai - photos
11-12-2008,Munich,Germany,Backstage,with Mogwai
11-11-2008,Dresden,Germany,Alter Schlachthof,wiht Mogwai
11-10-2008,Frankfurt,Germany,Mousonturm,
11-06-2008,Berlin,Germany,Huxleys Neue Welt,with Mogwai and Kid 606
11-04-2008,Stockholm,Sweden,Cirkus,with Mogwai
11-03-2008,Lund,Sweden,Mejeriet,with Mogwai
11-02-2008,Copenhagen,Denmark,Lille Vega,with Mogwai
10-30-2008,Amsterdam,Netherlands,Melkweg,with Mogwai - photos
10-28-2008,Paris,France,Casino de Paris,with Mogwai - photos- more photos
10-27-2008,Esch-sur-Alzette,Luxembourg,Rockhal,with Mogwai
10-09-2008,Glasgow,Scotland,ABC Glasgow,
08-14-2008,Edinburgh,Scotland,Liquid Room,with Frightened Rabbit - review #1 + photo - review #2 + photo
07-17-2008,Suffolk,England,Henham Park,Latitude Festival 2008 - video: hit single
07-12-2008,Kinross,Scotland,Balado,T in the Park 2008
07-11-2008,Kinross,Scotland,Balado Airfield,Haight Ashbury Festival 2008
06-21-2008,Aberdeen,Scotland,Moshulu,with Katerwaul and Hidden Leaves
06-19-2008,Leeds,England,Brudenell Social Club,"with Her Name Is Calla, This Et Al and Fran Rodgers"
06-18-2008,Nottingham,England,Bodega Social Club,with Broken Records
06-17-2008,London,England,Cargo,with Orphans & Vandals - video (poor quality): in the blackout - neighbours can't breathe - rabbit
06-16-2008,Manchester,England,Night & Day Café,with Broken Records - photos - poster
06-15-2008,Edinburgh,Scotland,Bongo Club,with Broken Records and Meursault
06-01-2008,Glasgow,Scotland,"Sauchiehall Street, ABC2",The Sauchiehall Crawl
03-17-2008,Brighton,England,Theatre Royal,"with Nina Nastasia, Frightened Rabbit and Silje Nes"
03-15-2008,Dunfermline,Scotland,Carnegie Hall,Tigerfest - video: rabbit
03-30-2008,Dundee,Scotland,The Doghouse,with The Hazey Janes and The Trade
03-29-2008,Inverness,Scotland,The Ironworks,
03-28-2008,Leeds,England,Brudenell Social Club,
03-27-2008,London,England,100 Club,video: the room (clip) - sheepdug - review + photo
03-26-2008,Reading,England,South Street,
03-25-2008,Nottingham,England,The Bodega Social Club,
03-24-2008,Manchester,England,Night & Day Café,with Laymar - review + photo
03-22-2008,Aberdeen,Scotland,Moshulu,with Kartta and Her Name Is Calla - video: rabbit
03-21-2008,Glasgow,Scotland,King Tut's Wah Wah Hut,
03-20-2008,Edinburgh,Scotland,Liquid Room,video (poor quality): loud/quiet
02-23-2008,Stirling,Scotland,The Tolbooth,
01-27-2008,Glasgow,Scotland,O2 ABC,with Camera Obscura - review
12-29-2007,Aberdeen,Scotland,Moshulu,
12-17-2007,Paris,France,Nouveau Casino,with Scout Niblett - review (in German) + photos + setlist
12-16-2007,Amsterdam,Netherlands,Paradiso,
12-15-2007,Venlo,Netherlands,Perron 55,with Merry Pierce
12-13-2007,Groningen,Netherlands,Vera,
12-12-2007,Utrecht,Netherlands,Ekko,with Merry Pierce
12-09-2007,Malmö,Sweden,Debaser,with Tender Souvenirs - video (poor quality): 80's - loud/quiet
12-08-2007,Stockholm,Sweden,Debaser,
12-07-2007,Gothenburg,Sweden,Sticky Fingers,with Tender Souvenirs
12-01-2007,Copenhagen,Denmark,Loppen,
11-29-2007,Edinburgh,Scotland,Cabaret Voltaire,review + photos
11-22-2007,London,England,Hoxton Square Bar & Kitchen,"Club AC30 Show with Little Death, The Nova Saints and Club AC30 DJs"
11-18-2007,Copenhagen,Denmark,Store Vega,with Beirut - video: 3iii
11-17-2007,Aarhus,Denmark,Studenterhus Aarhus,"Gig almost cancelled because they were ""too loud"""
11-03-2007,Edinburgh,Scotland,The Queen's Hall,with Idlewild
11-02-2007,Belfast,Northern Ireland,Mandela Hall,with Idlewild
11-01-2007,Dublin,Ireland,The Village,with Idlewild
10-30-2007,London,England,KOKO,with Idlewild
10-29-2007,Cambridge,England,The Junction,with Idlewild
10-28-2007,Coventry,England,University of Warwick,with Idlewild
10-27-2007,Nottingham,England,Rescue Rooms,with Idlewild
10-25-2007,Exeter,England,Exeter Phoenix,with Idlewild
10-24-2007,Falmouth,England,Princess Pavilion,with Idlewild
10-23-2007,Portsmouth,England,Portsmouth Pyramid Centre,with Idlewild - video (poor quality): loud/quiet
10-21-2007,Glasgow,Scotland,Barrowlands,with Idlewild - photos
10-20-2007,Dundee,Scotland,Fat Sam's,with Idlewild - video: 3iii - review + photo + setlist
10-18-2007,Oban,Scotland,Corran Hall,with Idlewild
10-16-2007,Inverness,Scotland,The Ironworks,with Idlewild
10-15-2007,Lochinver,Scotland,Village Hall,with Idlewild
10-13-2007,Sheffield,England,The Leadmill,with Idlewild
10-11-2007,Leicester,England,The Venue,with Idlewild
10-10-2007,Preston,England,53 Degrees,with Idlewild
10-09-2007,Liverpool,England,Carling Academy 2,"with Idlewild - their guitarist fell down flight of stairs and fractured his arm while watching 
 the Twilight Sad perform but played the show anyway"
10-07-2007,"Denver, CO",USA,Larimer Lounge,
10-05-2007,"St. Louis, MO",USA,The Billiken Club,with Film School - review + photos - interview
10-04-2007,"Chicago, IL",USA,Engine Studios,KEXP Live Session - interview + photos - audio + additional photo
10-04-2007,"Chicago, IL",USA,Empty Bottle,with Health and Beauty and The Thin Hymns
10-03-2007,"Ann Arbor, MI",USA,The Blind Pig,
10-02-2007,"Philadelphia, PA",USA,Gooski's,with Life in Bed - review
10-01-2007,"Washington, DC",USA,Rock and Roll Hotel,with The Positions - review + photo
09-30-2007,"Brooklyn, NY",USA,Music Hall of Williamsburg,Power outage occurred during the show - with The Big Sleep and Other Passengers - review
09-29-2007,"Waltham, MA",USA,Chum's Coffeehouse,
09-28-2007,"Providence, RI",USA,The Living Room,with the Cold War and the Quiet Life
09-27-2007,"Princeton, NJ",USA,Terrace Club,with Caspian
09-22-2007,Glasgow,Scotland,Barfly,"with Frightened Rabbit, Odeon Beatclub and Piano Bar Fight"
09-14-2007,Wiltshire,England,Larmer Tree Gardens,End of the Road Festival 2007
09-13-2007,London,England,Cargo,with Mice Parade and Tom Brosseau
09-11-2007,Brighton,England,The Pressure Point,with Frightened Rabbit and Revenge of Shinobi
09-10-2007,Manchester,England,Phoenix,with Frightened Rabbit and Gintis - review
09-09-2007,Bradford,England,Love Apple Cafe,"with Laura Groves, Le Tournoi and Fourteen Corners"
09-08-2007,Leeds,England,The Faversham,with Frightened Rabbit
09-06-2007,Aberdeen,Scotland,The Lemon Tree,with Frightened Rabbit
09-04-2007,Edinburgh,Scotland,Cabaret Voltaire,with Frightened Rabbit - video: 3iii
09-02-2007,Argyll,Scotland,Inveraray Castle,"with Björk - Connect Festival 2007 - video (with Frightened Rabbit, from 31.08.07): be less rude"
08-30-2007,Dublin,Ireland,The Sugar Club,with Frightened Rabbit - poster
08-29-2007,Belfast,Northern Ireland,Speakeasy,with Frightened Rabbit
08-22-2007,Glasgow,Scotland,O2 Academy,with The Smashing Pumpkins
08-19-2007,Edinburgh,Scotland,Bannerman's Bar,"with Popup, Dumb Instrument and Mouse Eat Mouse - Very 1st Edinburgh gig - review + photo"
08-17-2007,Malmö,Sweden,Mölleplatsen,Malmö Festival 2007
08-16-2007,Aarhus,Denmark,Studenterhus Aarhus,Pop Revo Festival 2007 - photos
08-07-2007,Oslo,Norway,Middelalderparken,Øya Festival 2007
08-05-2007,Glasgow,Scotland,Monorail,Hey You Get Off My Pavement! - photo
07-21-2007,"Brooklyn, NY",USA,Coney Island,Siren Music Festival 2007 - photos - more photos
07-19-2007,"Philadelphia, PA",USA,Johnny Brenda's,
07-18-2007,"Allston, MA",USA,Great Scott,with Tulsa and Relay - review + photos
07-17-2007,"Baltimore, MD",USA,Sonar Main Stage,with Relay
07-14-2007,"Chicago, IL",USA,Schubas Tavern,with Sparrowhouse - photos + interview - review + photo
07-13-2007,"Madison, WI",USA,Memorial Union Terrace,
07-08-2007,Roskilde,Denmark,Festivalpladsen,1st time playing in Denmark - Roskilde Festival 2007
06-28-2007,London,England,O2 Arena,with Ash and Snow Patrol
06-20-2007,Aberdeen,Scotland,Tunnels,with Kartta and Household - poster
06-14-2007,Glasgow,Scotland,Òran Mór,review
05-13-2007,Glasgow,Scotland,The Classic Grand,with Frightened Rabbit
05-11-2007,Brixton,England,The Windmill,with Lord Barringtone and Sportsday Megaphone
05-10-2007,London,England,The Borderline,with Joe Jean and the Jing Jang Jong and Story One - review
05-09-2007,London,England,The Luminaire,with Cougar - video (poor quality): 3iii
05-07-2007,Paris,France,Fleche D'or,
05-05-2007,Glasgow,Scotland,The Classic Grand,with My Latest Novel
04-25-2007,Glasgow,Scotland,The Classic Grand,Triptych Festival 2007 - review
04-23-2007,"Houston, TX",USA,The Mink,with Aerogramme and A Northern Chorus
04-22-2007,"Denton, TX",USA,Hailey's,with Aerogramme and A Northern Chorus
04-21-2007,"Austin, TX",USA,Emo's,with Aerogramme and A Northern Chorus
04-19-2007,"Phoenix, AZ",USA,Modified,with Aerogramme and A Northern Chorus
04-18-2007,"Los Angeles, CA",USA,The Knitting Factory,with Aerogramme and A Northern Chorus
04-17-2007,"San Diego, CA",USA,Casbah,"with Aerogramme and A Northern Chorus - review #1 + photos - review #2 + photos more photos"
04-16-2007,"San Luis Obispo, CA",USA,Downtown Brew,with Aerogramme and A Northern Chorus
04-15-2007,"San Francisco, CA",USA,The Independent,with Aerogramme and A Northern Chorus
04-14-2007,"Portland, OR",USA,Dante's,with Aerogramme and A Northern Chorus
04-13-2007,"Seattle, WA",USA,Crocodile Cafe,with Aerogramme and A Northern Chorus - review - photos
04-10-2007,"Minneapolis, MN",USA,7th Street Entry,with Aerogramme and A Northern Chorus
04-09-2007,"Chicago, IL",USA,Subterranean,with Aerogramme and A Northern Chorus - video: sheepdug - photos - more photos
04-07-2007,"Hamilton, ON",Canada,The Casbah,with Aerogramme and A Northern Chorus
04-06-2007,"Toronto, ON",Canada,El Mocambo,with Aerogramme and A Northern Chorus
04-05-2007,"Montreal, QC",Canada,Main Hall,with Aerogramme and A Northern Chorus
04-04-2007,"Cambridge, MA",USA,The Middle East,with Aerogramme and A Northern Chorus
04-03-2007,"Brooklyn, NY",USA,Luna Lounge,with Aerogramme and A Northern Chorus
04-02-2007,"New York, NY",USA,The Knitting Factory,with Aerogramme and A Northern Chorus
04-01-2007,"Philadelphia, PA",USA,Johnny Brenda's,with Aerogramme and A Northern Chorus
03-23-2007,"Washington, DC",USA,Black Cat,with Mary Timony and Battles
03-22-2007,"Norfolk, VA",USA,The Boot,
03-21-2007,"Raleigh, NC",USA,King's Lounge,with Mary Timony
03-20-2007,"Mt Pleasant, SC",USA,Village Tavern,"with Mary Timony, The New Trust and Ambulette"
03-19-2007,"Birmingham, AL",USA,The Bottletree Lounge,with Mary Timony and Ladyhawk
03-18-2007,"Austin, TX",USA,Home Slice Pizza,SXSW 2007
03-16-2007,"Austin, TX",USA,Mohawk,SXSW 2007
03-15-2007,"Austin, TX",USA,Scoot Inn,SXSW 2007
03-14-2007,"Austin, TX",USA,Emo's Annex,"SXSW 2007 - video (poor quality, incomplete): rabbit - photos (live + promo) - more photos"
03-01-2007,Glasgow,Scotland,Nice n' Sleazy,
02-26-2007,Glasgow,Scotland,King Tut's Wah Wah Hut,with Errors and the Hedrons
02-21-2007,Glasgow,Scotland,Barfly,with Troubles
02-15-2007,Liverpool,England,Korova,with Micah P. Hinson
02-14-2007,Birmingham,England,Glee Club,with Micah P. Hinson
02-13-2007,Bristol,England,Thekla,with Micah P. Hinson - 1st time playing on a boat
02-08-2007,London,England,Bush Hall,with Nina Nastasia and Frightened Rabbit
02-02-2007,Hasselt,Belgium,KC België,Open Circuit Festival
11-20-2006,Glasgow,Scotland,Mono,
11-19-2006,"New York, NY",USA,Pianos,
11-14-2006,"Cambridge, MA",USA,The Middle East Upstairs,with Spiral Beach and The Hidden Cameras
11-12-2006,"New York, NY",USA,Pianos,
11-11-2006,"Cleveland, OH",USA,Grog Shop,with To Be A High Powered Executive and Henry James
11-05-2006,"New York, NY",USA,Pianos,
11-01-2006,"New York, NY",USA,Fontana's,CMJ Music Festival 2006
11-01-2006,"New York, NY",USA,The Delancey,CMJ Music Festival 2006
